speaker_id,group,site,gender,is_teacher,subset_sentence,subset_word,has_repeat
AE/F01,AE,,F,False,Y,Y,True
AE/F02,AE,,F,False,X,X,False
AE/F03,AE,,F,False,X,X,False
AE/F04,AE,,F,False,Y,Y,False
AE/F05,AE,,F,True,X,X,False
AE/F06,AE,,F,True,Y,Y,False
AE/F07,AE,,F,True,Y,Y,False
AE/F08,AE,,F,False,X,X,False
AE/F09,AE,,F,False,X,X,True
AE/F10,AE,,F,False,Y,Y,True
AE/F11,AE,,F,False,Y,Y,True
AE/F12,AE,,F,True,S,S,False
AE/M01,AE,,M,True,X,X,False
AE/M02,AE,,M,True,X,X,False
AE/M03,AE,,M,True,Y,Y,False
AE/M04,AE,,M,False,X,X,False
AE/M05,AE,,M,False,X,X,True
AE/M06,AE,,M,False,Y,Y,True
AE/M07,AE,,M,False,Y,Y,True
AE/M08,AE,,M,True,S,S,False
JE/DOS/F01,JE,DOS,F,False,S6,W3,False
JE/DOS/F02,JE,DOS,F,False,S5,W2,False
JE/DOS/F03,JE,DOS,F,False,S7,W4,False
JE/DOS/M01,JE,DOS,M,False,S8,W3,False
JE/DOS/M02,JE,DOS,M,False,S5,W5,False
JE/DOS/M03,JE,DOS,M,False,S6,W1,False
JE/DOS/M04,JE,DOS,M,False,S7,W2,False
JE/HIR/F01,JE,HIR,F,False,S5,W5,False
JE/HIR/F02,JE,HIR,F,False,S6,W1,False
JE/HIR/F03,JE,HIR,F,False,S7,W2,False
JE/HIR/F04,JE,HIR,F,False,S8,W3,False
JE/HIR/F05,JE,HIR,F,False,S1,W4,False
JE/HIR/F06,JE,HIR,F,False,S2,W5,False
JE/HIR/F07,JE,HIR,F,False,S3,W1,False
JE/HIR/F08,JE,HIR,F,False,S4,W2,False
JE/HIR/F09,JE,HIR,F,False,S5,W3,False
JE/HIR/F10,JE,HIR,F,False,S6,W4,False
JE/ISH/F01,JE,ISH,F,False,S5,W1,False
JE/ISH/F02,JE,ISH,F,False,S6,W2,False
JE/ISH/F03,JE,ISH,F,False,S7,W3,False
JE/ISH/F04,JE,ISH,F,False,S8,W4,False
JE/ISH/F05,JE,ISH,F,False,S1,W5,False
JE/ISH/M01,JE,ISH,M,False,S5,W1,False
JE/ISH/M02,JE,ISH,M,False,S6,W2,False
JE/ISH/M03,JE,ISH,M,False,S7,W3,False
JE/ISH/M04,JE,ISH,M,False,S8,W4,False
JE/ISH/M05,JE,ISH,M,False,S1,W5,False
JE/IWA/M01,JE,IWA,M,False,S1,W3,False
JE/IWA/M02,JE,IWA,M,False,S2,W4,False
JE/IWA/M03,JE,IWA,M,False,S3,W5,False
JE/IWA/M04,JE,IWA,M,False,S4,W1,False
JE/IWA/M05,JE,IWA,M,False,S7,W1,False
JE/IWA/M06,JE,IWA,M,False,S8,W2,False
JE/KYO/F01,JE,KYO,F,False,S8,W3,False
JE/KYO/F02,JE,KYO,F,False,S1,W4,False
JE/KYO/F03,JE,KYO,F,False,S2,W5,False
JE/KYO/F04,JE,KYO,F,False,S3,W1,False
JE/KYO/F05,JE,KYO,F,False,S4,W2,False
JE/KYO/F06,JE,KYO,F,False,S5,W3,False
JE/KYO/F07,JE,KYO,F,False,S6,W4,False
JE/KYO/F08,JE,KYO,F,False,S7,W5,False
JE/KYO/F09,JE,KYO,F,False,S8,W1,False
JE/KYO/M01,JE,KYO,M,False,S1,W4,False
JE/KYO/M02,JE,KYO,M,False,S2,W5,False
JE/KYO/M03,JE,KYO,M,False,S3,W1,False
JE/KYO/M04,JE,KYO,M,False,S4,W2,False
JE/KYO/M05,JE,KYO,M,False,S5,W3,False
JE/KYO/M06,JE,KYO,M,False,S6,W4,False
JE/KYO/M07,JE,KYO,M,False,S7,W5,False
JE/KYO/M08,JE,KYO,M,False,S8,W1,False
JE/NAG/F01,JE,NAG,F,False,S5,W3,False
JE/NAG/F02,JE,NAG,F,False,S6,W4,False
JE/NAG/F03,JE,NAG,F,False,S8,W1,False
JE/NAG/F04,JE,NAG,F,False,S7,W5,False
JE/NAG/F05,JE,NAG,F,False,S1,W2,False
JE/NAG/F06,JE,NAG,F,False,S8,W1,False
JE/NAG/F07,JE,NAG,F,False,S2,W3,False
JE/NAG/M01,JE,NAG,M,False,S1,W5,False
JE/NAG/M02,JE,NAG,M,False,S5,W1,False
JE/NAG/M03,JE,NAG,M,False,S2,W1,False
JE/NAG/M04,JE,NAG,M,False,S6,W2,False
JE/NAG/M05,JE,NAG,M,False,S7,W3,False
JE/NAG/M06,JE,NAG,M,False,S8,W4,False
JE/NAG/M07,JE,NAG,M,False,S8,W4,False
JE/NAR/F01,JE,NAR,F,False,S7,W2,False
JE/NAR/F02,JE,NAR,F,False,S8,W3,False
JE/NAR/F03,JE,NAR,F,False,S1,W4,False
JE/NAR/F04,JE,NAR,F,False,S2,W5,False
JE/NAR/F05,JE,NAR,F,False,S3,W1,False
JE/NAR/F06,JE,NAR,F,False,S4,W2,False
JE/NAR/M01,JE,NAR,M,False,S7,W5,False
JE/NAR/M02,JE,NAR,M,False,S8,W1,False
JE/NAR/M03,JE,NAR,M,False,S1,W2,False
JE/NAR/M04,JE,NAR,M,False,S2,W3,False
JE/NAR/M05,JE,NAR,M,False,S3,W4,False
JE/NAR/M06,JE,NAR,M,False,S4,W5,False
JE/RIT/F01,JE,RIT,F,False,S3,W5,False
JE/RIT/F02,JE,RIT,F,False,S4,W1,False
JE/RIT/F03,JE,RIT,F,False,S5,W2,False
JE/RIT/F04,JE,RIT,F,False,S6,W3,False
JE/RIT/F05,JE,RIT,F,False,S7,W4,False
JE/RIT/F06,JE,RIT,F,False,S8,W5,False
JE/RIT/M01,JE,RIT,M,False,S3,W3,False
JE/RIT/M02,JE,RIT,M,False,S4,W4,False
JE/RIT/M03,JE,RIT,M,False,S5,W5,False
JE/RIT/M04,JE,RIT,M,False,S6,W1,False
JE/RIT/M05,JE,RIT,M,False,S7,W2,False
JE/RIT/M06,JE,RIT,M,False,S8,W3,False
JE/RYU/F01,JE,RYU,F,False,S1,W1,False
JE/RYU/F02,JE,RYU,F,False,S2,W2,False
JE/RYU/F03,JE,RYU,F,False,S3,W3,False
JE/RYU/F04,JE,RYU,F,False,S4,W4,False
JE/RYU/F05,JE,RYU,F,False,S5,W5,False
JE/RYU/F06,JE,RYU,F,False,S6,W1,False
JE/RYU/M01,JE,RYU,M,False,S1,W1,False
JE/RYU/M02,JE,RYU,M,False,S2,W2,False
JE/RYU/M03,JE,RYU,M,False,S3,W3,False
JE/RYU/M04,JE,RYU,M,False,S4,W4,False
JE/RYU/M05,JE,RYU,M,False,S5,W4,False
JE/RYU/M06,JE,RYU,M,False,S6,W5,False
JE/SIZ/F01,JE,SIZ,F,False,S1,W5,False
JE/SIZ/F02,JE,SIZ,F,False,S2,W1,False
JE/SIZ/F03,JE,SIZ,F,False,S3,W2,False
JE/SIZ/F04,JE,SIZ,F,False,S4,W3,False
JE/SIZ/F05,JE,SIZ,F,False,S5,W4,False
JE/SIZ/F06,JE,SIZ,F,False,S6,W5,False
JE/SIZ/M01,JE,SIZ,M,False,S1,W3,False
JE/SIZ/M02,JE,SIZ,M,False,S2,W4,False
JE/SIZ/M03,JE,SIZ,M,False,S3,W5,False
JE/SIZ/M04,JE,SIZ,M,False,S4,W1,False
JE/SIZ/M05,JE,SIZ,M,False,S5,W2,False
JE/SIZ/M06,JE,SIZ,M,False,S6,W3,False
JE/TEI/F02,JE,TEI,F,False,S3,W4,False
JE/TEI/F03,JE,TEI,F,False,S4,W5,False
JE/TEI/F04,JE,TEI,F,False,S5,W1,False
JE/TEI/F05,JE,TEI,F,False,S6,W2,False
JE/TEI/F06,JE,TEI,F,False,S7,W3,False
JE/TEI/F07,JE,TEI,F,False,S8,W4,False
JE/TEI/F08,JE,TEI,F,False,S2,W3,False
JE/TEI/M01,JE,TEI,M,False,S1,W2,False
JE/TEI/M02,JE,TEI,M,False,S2,W3,False
JE/TEI/M03,JE,TEI,M,False,S3,W4,False
JE/TEI/M04,JE,TEI,M,False,S4,W5,False
JE/TEI/M06,JE,TEI,M,False,S6,W2,False
JE/TEI/M07,JE,TEI,M,False,S7,W3,False
JE/TEI/M08,JE,TEI,M,False,S8,W4,False
JE/TEI/M09,JE,TEI,M,False,S1,W5,False
JE/TEI/M10,JE,TEI,M,False,S2,W1,False
JE/TEI/M11,JE,TEI,M,False,S5,W1,False
JE/TKK/F01,JE,TKK,F,False,S2,W3,False
JE/TKK/F02,JE,TKK,F,False,S4,W3,False
JE/TKK/F03,JE,TKK,F,False,S4,W3,False
JE/TKT/F01,JE,TKT,F,False,S7,W3,False
JE/TKT/F02,JE,TKT,F,False,S8,W4,False
JE/TKT/F03,JE,TKT,F,False,S1,W5,False
JE/TKT/F04,JE,TKT,F,False,S2,W1,False
JE/TKT/M01,JE,TKT,M,False,S1,W5,False
JE/TKT/M02,JE,TKT,M,False,S2,W1,False
JE/TKT/M03,JE,TKT,M,False,S3,W2,False
JE/TKT/M04,JE,TKT,M,False,S4,W3,False
JE/TKT/M05,JE,TKT,M,False,S5,W4,False
JE/TKT/M06,JE,TKT,M,False,S6,W5,False
JE/TOH/F01,JE,TOH,F,False,S1,W1,False
JE/TOH/F02,JE,TOH,F,False,S2,W2,False
JE/TOH/F03,JE,TOH,F,False,S3,W3,False
JE/TOH/F04,JE,TOH,F,False,S4,W4,False
JE/TOH/F05,JE,TOH,F,False,S5,W5,False
JE/TOH/F06,JE,TOH,F,False,S6,W1,False
JE/TOH/F07,JE,TOH,F,False,S7,W2,False
JE/TOH/M01,JE,TOH,M,False,S1,W1,False
JE/TOH/M02,JE,TOH,M,False,S2,W2,False
JE/TOH/M03,JE,TOH,M,False,S3,W3,False
JE/TOH/M04,JE,TOH,M,False,S4,W4,False
JE/TOH/M05,JE,TOH,M,False,S5,W5,False
JE/TOH/M06,JE,TOH,M,False,S6,W1,False
JE/TOH/M07,JE,TOH,M,False,S7,W2,False
JE/TOH/M08,JE,TOH,M,False,S8,W3,False
JE/TOK/F01,JE,TOK,F,False,S7,W1,False
JE/TOK/F02,JE,TOK,F,False,S1,W1,False
JE/TOK/F03,JE,TOK,F,False,S8,W2,False
JE/TOK/F04,JE,TOK,F,False,S2,W2,False
JE/TOK/F05,JE,TOK,F,False,S3,W5,False
JE/TOK/M01,JE,TOK,M,False,S4,W3,False
JE/TUT/F01,JE,TUT,F,False,S8,W1,False
JE/TUT/F02,JE,TUT,F,False,S1,W2,False
JE/TUT/F03,JE,TUT,F,False,S2,W3,False
JE/TUT/F04,JE,TUT,F,False,S3,W4,False
JE/TUT/F05,JE,TUT,F,False,S4,W5,False
JE/TUT/F06,JE,TUT,F,False,S5,W1,False
JE/TUT/F07,JE,TUT,F,False,S6,W2,False
JE/TUT/M01,JE,TUT,M,False,S1,W2,False
JE/TUT/M02,JE,TUT,M,False,S2,W3,False
JE/TUT/M03,JE,TUT,M,False,S3,W4,False
JE/TUT/M04,JE,TUT,M,False,S4,W5,False
JE/TUT/M05,JE,TUT,M,False,S5,W1,False
JE/TUT/M06,JE,TUT,M,False,S6,W2,False
JE/TUT/M07,JE,TUT,M,False,S7,W3,False
JE/TUT/M08,JE,TUT,M,False,S8,W4,False
JE/WAK/F01,JE,WAK,F,False,S3,W4,False
JE/WAK/F02,JE,WAK,F,False,S4,W5,False
JE/WAK/M01,JE,WAK,M,False,S3,W2,False
JE/WAK/M02,JE,WAK,M,False,S5,W4,False
JE/WAK/M03,JE,WAK,M,False,S6,W5,False
JE/WAK/M04,JE,WAK,M,False,S8,W2,False
JE/WAS/F01,JE,WAS,F,False,S5,W4,False
JE/WAS/F02,JE,WAS,F,False,S6,W5,False
JE/WAS/F03,JE,WAS,F,False,S7,W1,False
JE/WAS/F04,JE,WAS,F,False,S8,W2,False
JE/WAS/F05,JE,WAS,F,False,S1,W3,False
JE/WAS/F06,JE,WAS,F,False,S2,W4,False
JE/WAS/M01,JE,WAS,M,False,S5,W2,False
JE/WAS/M02,JE,WAS,M,False,S6,W3,False
JE/WAS/M03,JE,WAS,M,False,S7,W4,False
JE/WAS/M04,JE,WAS,M,False,S8,W5,False
JE/WAS/M05,JE,WAS,M,False,S1,W1,False
JE/WAS/M06,JE,WAS,M,False,S2,W2,False
JE/YAM/F01,JE,YAM,F,False,S1,W2,False
JE/YAM/F02,JE,YAM,F,False,S7,W5,False
JE/YAM/F03,JE,YAM,F,False,S8,W1,False
JE/YAM/M01,JE,YAM,M,False,S6,W4,False
JE/YAM/M02,JE,YAM,M,False,S8,W1,False
JE/YAM/M03,JE,YAM,M,False,S7,W5,False
MDL,MDL,,,True,,,False
